,Country,wine_as_share_alcohol_consumption,beer_as_share_alcohol_consumption,spirits_as_share_alcohol_consumption,tot_alcohol_consumption_per_capita_liters,gdp_per_capita,Population,percent_who_have_not_drank_alcohol_in_last_year,perc_life_no_drink,percent_who_have_drank_alcohol_in_last_year,prev_alc_use_disorders_age_10_14,prev_alc_use_disorders_age_15_19,prev_alc_use_disorders_all_ages,prev_alc_use_disorders_age_25_29,prev_alc_use_disorders_age_30_34,prev_alc_use_disorders_age_20_24,prev_alc_use_disorders_age_70+,prev_alc_use_disorders_age_15_49,prev_alc_use_disorders_age_5_14,prev_alc_use_disorders_age_50_69,prev_alc_use_disorders_age_standardized,daly_alc_use_disorders_all_ages,daly_alc_use_disorders_70+,daly_alc_use_disorders_5_14,daly_alc_use_disorders_15_49,daly_alc_use_disorders__all_ages_standardized,daly_alc_use_disorders_50_69,share_alc_use_disorders_both_sexes,share_alc_use_disorders_female,share_alc_use_disorders_male,perc_heavy_drinkers_both_sexes,perc_heavy_drinkers_female,perc_heavy_drinkers_male,perc_consume_alc_past12,perc_consume_alc_past12Female,perc_consume_alc_past12Male,Region,perc_dependent,perc_dependent_female,perc_dependent_male
0,Albania,26.5,34.3,37.6,6.739999771118164,11878.4541015625,2882482.0,49.0,25.2,51.0,0.09,1.04,1.81,3.37,3.29,2.85,1.48,2.52,0.05,1.67,1.69,194.99,158.37,4.51,273.25,178.0,194.05,5.9,2.1,9.9,44.7,23.7,57.4,51.0,37.6,65.0,Europe,3.4,1.4,5.5
1,Algeria,24.4,57.3,18.3,0.9300000071525574,11696.9501953125,39543148.0,96.8,93.5,3.2,0.04,0.29,0.46,0.84,0.86,0.7,0.23,0.69,0.02,0.37,0.43,54.44,33.16,1.89,82.94,50.99,53.71,0.8,0.0,1.5,19.3,6.2,23.5,3.2,1.5,4.8,Africa,0.7,0.0,1.4
2,Andorra,42.0,34.1,23.9,,,,25.4,10.3,74.6,0.15,1.67,2.44,4.56,4.22,4.4,0.88,3.63,0.08,1.77,2.29,285.49,113.12,6.51,407.25,245.5,268.13,5.9,2.2,9.8,40.5,21.7,55.0,74.6,64.3,85.2,Europe,3.4,1.4,5.6
3,Angola,17.6,70.3,11.3,7.960000038146973,8036.4111328125,28127724.0,52.3,33.9,47.7,0.06,0.44,0.81,1.87,2.16,1.26,0.75,1.5,0.03,1.4,1.08,104.18,134.47,2.35,183.29,151.64,280.93,6.0,1.7,10.6,81.6,66.8,90.1,47.7,34.3,61.6,Africa,2.1,0.7,3.6
4,Antigua and Barbuda,18.3,33.0,45.4,5.889999866485596,18594.544921875,89958.0,50.6,27.7,49.4,0.08,1.08,2.35,3.56,3.51,3.08,2.15,2.98,0.05,2.83,2.11,481.46,475.68,4.08,514.27,416.21,897.08,6.5,3.7,9.8,47.2,25.9,60.9,49.4,36.5,63.9,Americas,2.7,1.8,3.8
5,Argentina,40.2,39.9,9.6,9.550000190734863,23933.88671875,43257064.0,32.6,6.7,67.4,0.13,1.28,2.32,4.07,4.09,3.48,1.57,3.4,0.08,2.17,2.23,270.85,218.19,5.64,374.29,256.52,360.96,6.8,3.0,10.8,32.5,15.2,45.5,67.4,55.7,79.9,Americas,2.9,1.2,4.8
6,Armenia,7.0,10.6,82.3,5.840000152587891,11321.3330078125,2878598.0,74.0,45.5,26.0,0.1,1.18,2.2,3.6,3.57,3.08,2.3,2.97,0.05,2.1,1.97,284.82,288.74,4.3,378.71,250.15,323.0,5.7,2.2,9.9,40.3,18.9,51.6,26.0,16.2,38.0,Europe,3.2,1.4,5.5
7,Australia,37.5,39.9,12.9,10.829999923706056,47569.29296875,23820240.0,20.6,8.5,79.4,0.13,1.33,2.13,3.46,3.35,3.3,1.28,3.13,0.07,1.92,2.01,280.16,187.44,5.42,397.01,251.0,307.93,4.4,2.7,6.1,45.3,26.4,60.7,79.4,70.6,88.3,Western Pacific,1.5,0.8,2.2
8,Austria,31.6,53.5,14.9,12.06999969482422,52873.859375,8642422.0,21.9,8.8,78.1,0.16,1.91,3.05,5.15,4.63,4.92,1.99,3.99,0.09,3.23,2.78,453.2,390.49,7.47,479.87,362.98,684.82,12.0,6.1,18.1,42.5,23.8,58.0,78.1,68.9,87.7,Europe,5.8,3.0,8.8
9,Azerbaijan,36.9,61.5,0.0,4.579999923706055,14852.611328125,9863485.0,78.1,53.2,21.9,0.11,1.51,2.81,4.74,4.67,4.14,3.23,3.84,0.06,2.59,2.57,357.82,362.7,4.83,495.94,322.75,380.67,6.0,2.1,10.0,36.9,15.6,46.0,21.9,12.8,31.6,Europe,3.4,1.4,5.5
10,Bahamas,16.6,39.2,41.2,4.550000190734863,36023.59375,392707.0,56.2,33.0,43.8,0.07,0.87,2.24,3.49,3.83,2.57,1.75,3.02,0.04,2.55,2.05,386.77,287.04,3.68,481.55,345.1,617.65,6.7,3.7,9.9,43.5,21.7,55.7,43.8,30.5,57.9,Americas,2.8,1.8,3.9
11,Bahrain,6.2,19.0,45.2,1.2999999523162842,48110.734375,1362157.0,91.2,84.4,8.8,0.04,0.29,0.65,0.87,0.95,0.71,0.35,0.83,0.02,0.57,0.5,79.46,52.26,1.86,99.86,60.68,82.57,1.6,0.3,2.3,29.5,9.4,33.0,8.8,3.8,11.5,Eastern Mediterranean,0.3,0.1,0.4
12,Barbados,10.5,37.6,50.0,9.329999923706056,15382.765625,278095.0,49.5,25.1,50.5,0.07,0.72,1.52,2.43,2.54,1.92,1.12,2.03,0.04,1.64,1.37,227.58,159.94,3.49,277.46,191.88,317.67,6.7,3.7,10.1,46.9,25.8,60.5,50.5,37.4,65.2,Americas,2.7,1.7,3.8
13,Belarus,2.2,22.8,49.0,12.0,18362.74609375,9700609.0,26.4,7.5,73.6,0.11,0.89,3.6,3.47,4.13,2.33,4.9,3.6,0.06,4.9,2.89,1337.27,1442.26,4.39,1292.54,1002.07,2211.25,18.8,6.2,33.9,34.1,17.7,51.3,73.6,69.2,79.0,Europe,11.0,3.8,19.6
14,Belgium,38.3,44.4,14.2,11.81999969482422,49456.3984375,11248306.0,23.5,9.4,76.5,0.15,1.66,2.62,4.49,4.18,4.27,1.33,3.71,0.08,2.72,2.5,387.8,225.03,6.39,462.19,329.53,595.83,8.1,4.3,12.1,42.1,23.3,57.3,76.5,66.8,86.6,Europe,4.3,2.3,6.3
15,Belize,1.9,69.1,26.7,6.739999771118164,7358.61865234375,359884.0,58.5,34.4,41.5,0.07,0.77,1.57,2.83,3.05,2.14,1.42,2.3,0.04,2.11,1.65,252.16,228.36,3.52,342.93,277.46,528.42,7.3,2.4,12.4,47.3,24.7,59.3,41.5,28.4,54.9,Americas,3.1,1.0,5.2
16,Benin,9.6,63.7,13.1,2.970000028610229,2945.97021484375,10932791.0,73.9,69.5,26.1,0.05,0.25,0.41,0.91,1.03,0.64,0.58,0.72,0.03,0.74,0.55,58.14,138.56,2.18,95.35,89.74,175.76,6.4,2.1,10.8,37.3,15.8,46.5,26.1,15.4,37.0,Africa,2.2,0.8,3.7
17,Bhutan,4.2,46.2,49.6,0.4199999868869781,10086.0732421875,743284.0,70.4,64.8,29.6,0.09,1.08,2.69,4.56,4.87,3.33,2.84,3.71,0.05,3.54,2.62,294.86,313.12,4.52,406.0,290.4,421.13,2.1,0.6,3.3,37.8,16.0,45.6,29.6,17.3,39.8,South-East Asia,0.8,0.2,1.3
18,Bolivia,4.3,72.8,21.3,4.639999866485596,7984.412109375,11090090.0,54.6,12.0,45.4,0.06,0.6,1.01,1.75,1.74,1.52,1.06,1.45,0.03,1.49,1.06,200.36,313.52,2.82,241.96,227.49,522.51,,,,,,,,,,,,,
19,Bosnia and Herzegovina,8.6,75.8,12.4,6.920000076293945,12630.6669921875,3524328.0,52.1,27.4,47.9,0.1,1.18,2.37,3.56,3.41,3.18,2.19,2.88,0.05,2.64,2.06,305.88,269.55,4.51,335.11,245.98,431.23,6.0,2.2,9.8,41.8,20.4,53.7,47.9,34.0,62.1,Europe,3.4,1.4,5.5
20,Botswana,23.5,48.1,4.4,6.860000133514404,14895.9052734375,2305177.0,68.0,53.0,32.0,0.07,0.72,1.91,3.12,3.46,2.16,1.71,2.6,0.04,3.2,1.96,224.94,216.21,3.03,302.03,240.1,478.29,7.1,1.9,12.4,59.4,34.8,70.8,32.0,20.0,44.0,Africa,2.5,0.7,4.2
21,Brazil,3.4,61.8,34.3,7.860000133514404,15064.17578125,205188208.0,59.7,21.4,40.3,0.09,1.44,3.56,6.03,6.53,4.51,2.08,5.16,0.05,3.23,3.26,504.48,296.03,4.46,693.35,456.13,641.68,4.2,1.6,6.9,48.1,25.1,60.3,40.3,27.3,54.0,Americas,1.4,0.5,2.3
22,Brunei,0.0,100.0,0.0,0.4600000083446502,63147.484375,421449.0,66.7,38.6,33.3,0.07,0.62,1.08,1.76,1.73,1.54,0.63,1.43,0.04,1.09,0.95,114.99,72.11,3.05,154.86,100.37,132.74,,,,,,,,,,,,,
23,Bulgaria,17.2,38.8,42.9,12.34000015258789,19988.224609375,7309255.0,34.0,13.9,66.0,0.09,1.05,2.06,3.5,3.53,2.88,1.32,2.86,0.05,2.03,1.86,247.94,132.21,3.99,347.24,213.86,270.07,6.9,1.9,12.2,50.6,29.8,65.9,66.0,53.9,79.2,Europe,2.3,0.4,4.3
24,Burkina Faso,2.7,18.0,5.0,11.829999923706056,1925.33203125,18718022.0,63.1,58.5,36.9,0.05,0.26,0.4,0.91,1.03,0.64,0.62,0.72,0.03,0.74,0.55,62.52,167.44,2.35,98.87,97.54,200.87,1.8,0.3,3.4,46.3,22.5,57.5,36.9,23.2,51.2,Africa,0.7,0.0,1.4
25,Burundi,0.1,39.3,0.1,7.03000020980835,825.2056884765625,10727153.0,68.4,52.9,31.6,0.07,0.58,1.06,2.42,2.73,1.68,1.4,1.86,0.04,2.02,1.41,126.28,248.49,3.35,211.46,183.62,341.16,6.8,2.3,11.6,52.6,28.6,64.2,31.6,20.0,43.7,Africa,2.4,0.9,3.9
26,Cambodia,0.6,88.1,11.2,6.369999885559082,3541.376708984375,15417527.0,69.1,45.6,30.9,0.05,0.4,0.76,1.41,1.52,1.09,0.51,1.17,0.03,0.82,0.77,105.66,81.68,2.26,154.68,109.81,159.88,5.1,1.8,8.7,37.3,16.3,47.7,30.9,19.6,43.2,Western Pacific,2.7,0.7,5.0
27,Cameroon,1.4,43.5,0.1,6.170000076293945,3570.424560546875,23012650.0,,60.9,,0.05,0.26,0.45,0.94,1.07,0.65,0.6,0.75,0.03,0.75,0.56,66.13,141.44,2.07,102.17,95.45,190.56,7.0,2.3,11.8,47.4,23.7,58.5,33.8,21.4,46.9,Africa,2.5,0.9,4.0
28,Canada,25.6,45.1,25.6,8.880000114440918,47522.140625,35732120.0,35.5,12.2,64.5,0.2,1.89,2.02,3.85,3.09,4.3,1.22,2.99,0.12,1.69,1.98,305.08,215.46,8.55,391.74,265.95,383.18,8.0,4.1,12.0,32.9,15.5,45.0,64.5,52.1,77.3,Americas,4.1,2.3,6.0
29,Cape Verde,45.0,55.0,0.0,5.949999809265137,6266.8818359375,552169.0,,55.7,,0.04,0.26,0.55,0.93,1.05,0.66,0.49,0.78,0.03,0.64,0.54,75.74,94.86,1.84,102.47,78.82,130.39,,,,,,,,,,,,,
30,Central African Republic,0.7,25.9,0.0,2.430000066757202,852.7492065429688,4819341.0,62.4,43.7,37.6,0.06,0.43,0.88,1.83,2.16,1.22,0.66,1.52,0.04,1.44,1.1,131.45,133.37,3.0,205.27,180.67,381.92,3.8,0.9,6.8,77.3,59.1,86.6,37.6,24.9,50.8,Africa,1.3,0.3,2.3
31,Chad,1.0,70.2,5.3,1.4500000476837158,1857.10791015625,14140277.0,77.6,72.7,22.4,0.05,0.25,0.33,0.85,0.94,0.62,0.49,0.65,0.03,0.64,0.49,51.22,141.46,2.25,88.92,89.31,186.89,0.7,0.0,1.4,34.8,14.3,43.4,22.4,13.1,31.7,Africa,0.7,0.0,1.4
32,Chile,33.1,36.1,30.8,9.260000228881836,24440.416015625,17870122.0,32.4,6.6,67.6,0.14,1.44,3.11,4.86,5.18,3.98,1.9,4.47,0.08,2.55,2.87,385.38,263.29,5.79,538.65,343.09,422.54,6.0,1.9,10.3,32.0,14.7,44.5,67.6,55.8,80.0,Americas,2.5,0.8,4.3
33,China,3.1,29.6,67.2,7.150000095367432,12612.3515625,1393715456.0,44.1,42.1,55.9,0.05,0.46,1.46,1.91,2.19,1.35,1.06,1.82,0.03,1.56,1.21,194.8,130.32,2.14,245.42,155.7,226.03,4.4,0.2,8.4,40.7,20.1,52.9,55.9,42.6,68.6,Western Pacific,2.3,0.1,4.4
34,Colombia,1.1,71.3,27.2,5.78000020980835,14095.748046875,47119728.0,61.7,26.4,38.3,0.09,1.22,2.24,4.42,4.46,3.54,1.65,3.32,0.05,1.92,2.15,224.38,159.34,4.64,343.31,213.44,201.55,7.0,3.8,10.4,39.9,18.6,51.0,38.3,25.6,51.7,Americas,3.2,1.9,4.5
35,Comoros,30.6,24.6,44.8,0.8799999952316284,2959.498046875,730221.0,95.9,93.3,4.1,0.07,0.57,1.17,2.29,2.5,1.64,1.32,1.77,0.04,1.64,1.28,137.3,216.38,2.94,199.17,154.95,245.85,0.7,0.0,1.4,6.7,1.9,8.2,4.1,1.9,6.2,Africa,0.7,0.0,1.4
36,Congo,4.7,84.4,10.3,7.900000095367432,5224.30224609375,5064390.0,48.3,29.7,51.7,0.06,0.44,1.03,1.95,2.28,1.28,0.79,1.69,0.03,1.52,1.16,137.67,142.93,2.44,212.57,165.93,309.52,2.1,0.5,3.8,82.6,68.6,90.7,51.7,38.0,65.5,Africa,0.7,0.2,1.3
37,Cook Islands,16.1,31.7,52.2,,,,49.4,24.0,50.6,0.04,0.32,0.83,1.27,1.51,0.86,0.63,1.22,0.03,0.85,0.8,172.26,150.37,1.93,242.73,159.96,221.33,5.3,1.8,8.9,81.0,65.9,89.8,50.6,37.0,64.5,Western Pacific,2.9,0.7,5.2
38,Costa Rica,7.2,64.1,27.9,4.760000228881836,19141.68359375,4895241.0,63.4,27.9,36.6,0.09,0.98,2.03,3.35,3.6,2.68,1.56,2.95,0.05,1.65,1.89,259.39,186.19,4.03,367.93,239.46,288.23,6.9,3.4,10.4,38.0,17.2,48.2,36.6,23.9,49.5,Americas,3.0,1.5,4.4
39,Cote d'Ivoire,5.0,21.9,0.2,2.609999895095825,4417.150390625,23596738.0,61.5,56.7,38.5,0.04,0.26,0.44,0.9,1.0,0.64,0.58,0.73,0.03,0.74,0.54,69.97,147.87,1.96,105.31,97.89,203.48,,,,,,,,,,,,,
40,Croatia,39.0,44.5,13.0,9.06999969482422,24884.666015625,4254821.0,40.3,18.5,59.7,0.09,1.07,2.73,3.45,3.49,2.91,3.02,3.04,0.05,3.27,2.27,426.73,464.81,4.21,390.57,319.59,692.58,5.8,2.2,9.8,46.3,25.3,60.8,59.7,46.8,73.9,Europe,3.4,1.4,5.6
41,Cuba,4.9,37.3,57.4,,,,53.9,29.7,46.1,0.07,0.73,1.82,2.28,2.4,1.91,1.63,2.18,0.04,2.22,1.55,339.7,257.85,3.36,336.84,260.96,601.06,6.6,3.6,9.6,43.4,21.7,55.0,46.1,32.3,59.9,Americas,2.7,1.7,3.8
42,Cyprus,28.4,29.7,41.9,10.760000228881836,34453.1171875,1187286.0,31.2,13.6,68.8,0.14,1.58,1.95,3.92,3.24,4.0,0.93,2.83,0.08,1.33,1.75,205.95,122.28,6.36,294.15,177.74,170.54,6.9,3.2,10.5,40.8,20.9,54.3,68.8,56.6,80.6,Europe,3.1,1.4,4.7
43,Czechia,21.3,53.3,25.4,14.25,36168.41796875,10523801.0,24.6,9.3,75.4,0.09,1.1,2.76,3.85,4.1,3.08,1.82,3.64,0.05,2.98,2.39,408.65,210.78,3.85,516.5,331.79,554.3,6.0,1.7,10.6,55.9,36.1,71.6,75.4,65.4,86.0,Europe,2.8,0.8,5.0
44,Democratic Republic of Congo,0.6,38.9,0.7,2.049999952316284,1065.242431640625,78656904.0,63.6,45.1,36.4,0.06,0.42,0.79,1.77,2.04,1.2,0.63,1.41,0.04,1.27,1.01,105.17,117.85,2.91,175.07,146.6,273.24,,,,,,,,,,,,,
45,Denmark,44.7,37.4,17.1,10.359999656677246,52892.64453125,5677795.0,25.6,10.7,74.4,0.15,1.62,3.49,4.27,4.08,4.08,2.35,4.09,0.08,4.65,3.12,724.78,620.76,6.48,591.19,545.98,1493.54,7.5,4.2,10.9,40.0,21.5,54.3,74.4,64.2,85.0,Europe,3.9,2.2,5.6
46,Djibouti,16.7,27.5,55.0,0.4900000095367431,4488.802734375,1006266.0,80.3,68.9,19.7,0.07,0.61,1.3,2.4,2.59,1.76,1.47,1.95,0.04,1.98,1.4,156.05,257.55,2.81,224.92,181.18,336.06,0.8,0.2,1.4,40.8,17.9,49.8,19.7,11.1,28.2,Eastern Mediterranean,0.2,0.1,0.3
47,Dominica,0.0,11.1,88.9,11.31999969482422,11873.7421875,70027.0,54.8,30.2,45.2,0.08,1.01,2.2,3.49,3.66,2.91,1.82,3.09,0.05,2.33,2.1,415.91,352.83,4.03,498.62,380.47,705.35,6.8,3.7,9.9,47.1,24.8,59.3,45.2,31.7,59.0,Americas,2.8,1.8,3.8
48,Dominican Republic,4.4,52.2,41.9,6.610000133514404,15328.359375,10405832.0,57.0,32.8,43.0,0.07,0.74,1.41,2.5,2.61,2.0,1.12,2.04,0.04,1.6,1.39,189.8,141.6,3.28,269.23,190.16,286.59,6.8,3.7,9.9,46.1,23.9,58.1,43.0,29.7,56.7,Americas,2.8,1.8,3.9
49,Ecuador,1.5,79.9,17.8,4.980000019073486,11896.375,16195904.0,53.5,11.6,46.5,0.06,0.63,1.09,1.97,1.98,1.65,0.96,1.57,0.03,1.35,1.11,175.11,180.69,2.96,235.19,181.19,317.25,6.7,3.7,9.7,45.8,23.7,58.1,46.5,32.9,60.3,Americas,2.8,1.8,3.9
50,Egypt,4.4,62.0,33.1,0.4000000059604645,10570.4453125,97723792.0,97.2,94.3,2.8,0.04,0.28,0.4,0.8,0.81,0.67,0.21,0.64,0.02,0.35,0.4,44.55,26.52,1.82,71.97,45.59,49.87,1.4,0.2,2.6,18.5,5.9,22.6,2.8,1.4,4.2,Eastern Mediterranean,0.6,0.1,1.2
51,El Salvador,1.3,47.8,50.7,3.5899999141693115,8143.326171875,6231072.0,70.6,35.0,29.4,0.09,1.17,3.6,7.29,8.46,4.14,2.98,5.31,0.05,3.79,3.67,885.61,664.15,4.3,1215.67,934.47,1528.78,6.2,3.6,9.3,34.8,15.5,45.4,29.4,19.0,41.8,Americas,2.7,1.8,3.9
52,Equatorial Guinea,17.0,83.0,0.0,9.079999923706056,28313.43359375,1346974.0,27.1,14.5,72.9,0.05,0.46,0.91,2.06,2.36,1.36,0.78,1.57,0.03,1.43,1.15,107.03,132.13,2.38,179.08,147.9,243.15,6.8,2.0,11.2,88.1,79.1,94.3,72.9,61.7,83.3,Africa,2.4,0.8,3.8
53,Eritrea,0.1,62.1,0.2,,,,79.7,68.1,20.3,0.07,0.58,1.38,3.05,3.57,1.84,1.69,2.28,0.04,2.22,1.7,164.95,295.11,3.18,261.95,219.92,378.95,2.2,0.4,4.1,42.9,19.3,52.5,20.3,11.6,29.2,Africa,0.8,0.2,1.4
54,Estonia,7.4,32.7,50.3,12.390000343322754,31038.8046875,1314658.0,27.2,11.6,72.8,0.09,0.78,2.42,2.63,2.96,1.95,2.0,2.66,0.05,3.44,2.01,802.5,292.66,3.68,875.8,639.26,1449.94,12.2,3.8,22.2,57.4,37.7,74.5,72.8,62.6,84.9,Europe,5.5,1.7,9.9
55,Eswatini,16.1,24.6,0.0,9.84000015258789,8307.7822265625,1133941.0,71.2,55.8,28.8,0.07,0.71,1.9,3.37,3.93,2.19,1.6,2.81,0.04,3.78,2.25,212.53,196.51,3.32,313.22,263.35,514.07,7.1,2.4,12.0,60.0,35.2,71.4,28.8,17.7,40.4,Africa,2.5,0.9,4.1
56,Ethiopia,0.3,54.6,8.3,2.190000057220459,1779.0841064453125,102471896.0,77.4,64.7,22.6,0.08,0.99,1.98,4.7,5.06,3.3,2.3,3.45,0.05,3.69,2.62,212.64,331.22,3.85,365.95,295.32,474.05,2.5,0.5,4.5,45.2,21.3,55.2,22.6,13.2,32.1,Africa,0.8,0.1,1.5
57,Fiji,1.2,69.8,28.9,3.3299999237060547,12569.064453125,917209.0,82.3,60.2,17.7,0.04,0.3,0.6,1.08,1.2,0.79,0.39,0.92,0.02,0.58,0.59,65.73,45.65,1.86,101.2,64.25,72.15,5.4,1.8,8.9,62.4,36.7,72.0,17.7,9.8,25.5,Western Pacific,3.0,0.7,5.3
58,Finland,20.6,48.8,21.5,11.18000030517578,45072.58984375,5479457.0,27.5,11.4,72.5,0.16,1.79,2.43,4.56,3.97,4.61,1.12,3.65,0.09,2.34,2.4,539.43,306.82,7.06,579.85,444.09,920.07,9.1,3.8,14.8,39.0,20.4,53.3,72.5,61.7,83.8,Europe,4.5,1.9,7.2
59,France,58.8,18.8,20.7,12.640000343322754,43345.78515625,63809768.0,24.7,9.8,75.3,0.16,1.53,2.27,3.89,3.6,3.78,1.21,3.29,0.09,2.34,2.23,388.63,221.44,7.0,463.11,334.48,628.83,7.0,3.1,11.1,41.5,23.0,56.7,75.3,65.6,85.8,Europe,3.3,1.5,5.3
60,Gabon,9.2,76.3,13.4,9.56999969482422,15510.0390625,2028524.0,33.5,18.3,66.5,0.05,0.44,1.08,1.93,2.28,1.27,0.77,1.65,0.03,1.6,1.17,143.93,137.72,2.36,201.86,165.19,322.48,6.9,2.1,11.5,86.2,75.6,93.3,66.5,54.1,78.6,Africa,2.4,0.8,3.9
61,Gambia,2.1,8.5,0.0,3.670000076293945,2058.658203125,2253137.0,73.3,68.5,26.7,0.04,0.26,0.4,0.86,0.95,0.63,0.56,0.67,0.03,0.68,0.51,59.23,141.34,1.98,89.66,86.64,176.61,1.0,0.1,1.9,38.1,16.8,47.7,26.7,16.2,37.8,Africa,0.7,0.0,1.4
62,Georgia,43.0,18.4,38.5,9.609999656677246,12605.1396484375,3771135.0,64.9,33.9,35.1,0.1,1.23,2.39,4.33,4.43,3.45,1.73,3.48,0.05,2.26,2.23,272.17,174.4,4.3,403.86,248.94,274.91,4.6,1.0,8.8,47.0,23.9,59.4,35.1,23.0,48.9,Europe,2.1,0.2,4.3
63,Germany,28.4,52.6,18.9,13.0600004196167,51159.296875,82073232.0,20.6,7.9,79.4,0.14,1.46,2.31,3.81,3.52,3.62,1.23,3.15,0.08,2.45,2.15,446.67,279.49,6.35,453.7,345.26,742.5,6.8,4.0,9.8,43.1,24.4,58.7,79.4,70.6,88.5,Europe,3.5,2.0,5.0
64,Ghana,6.6,28.3,8.0,3.119999885559082,4785.99462890625,28870946.0,74.0,69.5,26.0,0.04,0.26,0.48,0.91,1.03,0.64,0.57,0.74,0.03,0.7,0.54,72.41,131.49,1.99,101.88,91.36,180.97,4.1,1.0,7.3,36.2,15.4,45.5,26.0,15.7,36.8,Africa,1.4,0.4,2.5
65,Greece,45.5,31.5,21.8,10.489999771118164,28260.38671875,10806644.0,34.6,15.0,65.4,0.14,1.59,1.66,3.88,3.26,3.98,0.66,2.68,0.08,1.21,1.75,169.93,68.88,6.46,274.8,168.69,141.5,6.1,2.9,9.4,36.1,18.0,49.4,65.4,53.3,78.3,Europe,2.7,1.3,4.2
66,Grenada,7.0,40.9,48.3,9.06999969482422,15142.0625,118994.0,50.4,26.6,49.6,0.07,0.74,1.71,2.51,2.69,2.0,1.26,2.23,0.04,2.18,1.58,299.57,249.65,3.43,339.99,272.11,554.99,6.6,3.6,9.6,50.8,27.8,63.7,49.6,35.7,63.6,Americas,2.8,1.8,3.9
67,Guatemala,2.1,56.1,41.7,2.549999952316284,8125.65576171875,16001105.0,72.7,38.2,27.3,0.09,1.37,3.27,6.93,7.57,4.62,2.84,5.15,0.05,3.59,3.51,702.59,603.66,4.43,1061.74,820.59,1263.83,6.4,3.7,9.5,35.0,14.9,44.6,27.3,16.9,38.6,Americas,2.8,1.8,3.9
68,Guinea,8.9,91.1,0.0,1.0700000524520874,2087.93505859375,11626003.0,78.4,73.6,21.6,0.04,0.24,0.37,0.84,0.94,0.61,0.53,0.66,0.03,0.65,0.5,59.1,139.69,2.25,92.34,89.8,185.2,0.7,0.0,1.4,33.4,13.5,41.6,21.6,12.6,30.7,Africa,0.7,0.0,1.4
69,Guinea-Bissau,31.3,13.7,13.7,5.050000190734863,1800.0633544921875,1788931.0,71.2,66.1,28.8,0.05,0.25,0.43,0.92,1.04,0.64,0.56,0.73,0.03,0.7,0.54,70.68,146.35,2.2,106.95,105.75,227.5,1.0,0.1,2.0,39.5,17.5,49.2,28.8,17.5,40.5,Africa,0.7,0.0,1.4
70,Guyana,0.2,48.4,50.8,7.349999904632568,11261.779296875,755043.0,60.9,36.3,39.1,0.07,0.87,2.0,3.25,3.54,2.51,1.65,2.81,0.04,2.56,2.0,325.83,252.34,3.67,429.3,327.96,572.84,7.2,3.8,10.5,45.7,22.7,57.0,39.1,25.9,52.2,Americas,2.9,1.9,3.9
71,Haiti,0.3,2.3,97.3,2.690000057220459,3102.344970703125,10563762.0,64.9,40.4,35.1,0.07,0.71,1.39,2.38,2.55,1.92,1.44,2.11,0.03,2.18,1.53,252.04,301.82,3.27,345.62,302.55,632.19,6.9,3.8,10.3,44.1,21.5,55.5,35.1,22.9,47.9,Americas,2.8,1.8,3.9
72,Honduras,1.2,46.6,52.1,3.490000009536743,5283.4169921875,9294510.0,70.2,34.8,29.8,0.08,1.0,2.13,4.24,4.71,2.97,2.24,3.31,0.04,2.58,2.35,337.83,508.33,4.02,447.5,414.23,872.23,6.7,3.7,9.7,37.3,16.3,46.8,29.8,18.5,41.3,Americas,2.9,1.8,3.9
73,Hungary,32.2,35.5,32.3,11.600000381469728,27531.64453125,9844250.0,33.4,14.2,66.6,0.09,1.06,2.8,3.59,3.75,2.91,2.4,3.3,0.05,3.38,2.35,431.16,334.1,4.21,444.62,331.49,692.65,21.2,7.2,36.9,50.3,29.7,66.3,66.6,54.8,79.9,Europe,9.4,3.2,16.5
74,Iceland,27.9,56.5,15.5,8.739999771118164,52142.93359375,331068.0,28.5,12.7,71.5,0.14,1.56,2.33,4.32,4.05,4.01,1.25,3.44,0.08,2.06,2.24,297.35,178.86,6.2,404.43,269.02,380.07,4.4,2.0,6.7,39.2,20.5,52.9,71.5,60.3,82.6,Europe,1.9,0.9,3.0
75,India,0.1,7.5,92.4,5.539999961853027,5464.39404296875,1322866560.0,61.2,53.5,38.8,0.05,0.43,1.22,1.7,2.03,1.15,1.66,1.61,0.03,1.97,1.25,181.88,214.69,2.67,240.52,187.13,319.23,4.9,0.5,9.1,44.4,21.4,55.1,38.8,25.4,51.4,South-East Asia,3.8,0.4,7.0
76,Indonesia,76.4,18.5,4.6,0.6000000238418579,10149.603515625,259091968.0,77.3,57.2,22.7,0.04,0.28,0.52,0.93,0.96,0.74,0.35,0.75,0.02,0.51,0.49,60.5,42.56,1.73,88.42,57.04,67.11,0.8,0.3,1.4,28.6,10.8,35.9,22.7,13.2,32.3,South-East Asia,0.7,0.2,1.3
77,Iraq,2.4,71.0,25.7,0.3700000047683716,9946.9765625,37757812.0,96.9,93.8,3.1,0.04,0.29,0.41,0.82,0.83,0.7,0.21,0.65,0.02,0.37,0.41,43.93,28.02,1.91,70.49,45.97,50.07,0.4,0.1,0.7,20.1,6.5,24.5,3.1,1.5,4.7,Eastern Mediterranean,0.2,0.1,0.3
78,Ireland,28.0,47.0,18.8,12.470000267028809,71508.734375,4665764.0,18.7,7.4,81.3,0.2,2.41,3.71,6.7,6.12,6.45,1.6,5.59,0.1,3.16,3.58,412.69,182.49,8.45,624.05,382.46,433.44,8.5,4.1,13.0,46.5,27.6,62.2,81.3,73.1,89.5,Europe,3.8,1.8,5.8
79,Israel,4.7,54.4,39.5,3.859999895095825,37306.1328125,8007777.0,45.0,24.4,55.0,0.1,0.9,0.88,1.95,1.65,2.04,0.4,1.45,0.05,0.63,0.9,102.85,63.47,4.23,164.52,104.51,111.41,5.9,2.1,9.8,31.1,13.7,42.1,55.0,41.6,68.9,Europe,3.3,1.3,5.4
80,Italy,64.8,25.4,9.8,7.590000152587891,40247.828125,60232908.0,32.2,27.4,67.8,0.1,1.17,1.5,3.32,2.98,3.14,0.8,2.37,0.05,1.14,1.53,160.86,86.4,4.5,250.08,154.0,140.03,1.3,1.0,1.7,32.6,15.2,44.9,67.8,54.4,81.2,Europe,0.6,0.5,0.8
81,Jamaica,4.8,36.3,54.2,4.190000057220459,9473.1064453125,2794455.0,65.1,40.8,34.9,0.07,0.7,1.18,2.15,2.13,1.82,0.81,1.68,0.04,1.15,1.1,124.39,88.19,3.4,175.63,115.81,140.26,5.2,2.3,8.2,40.8,19.2,51.3,34.9,22.6,47.4,Americas,1.5,0.5,2.5
82,Japan,5.5,18.2,40.0,7.869999885559082,40402.58203125,127250936.0,43.0,9.1,57.0,0.05,0.41,0.66,1.15,1.13,1.0,0.41,0.92,0.03,0.68,0.63,78.21,47.32,2.22,106.25,69.11,92.81,3.4,1.4,5.7,40.0,20.3,53.0,57.0,43.7,71.3,Western Pacific,1.1,0.2,2.1
83,Jordan,2.6,19.9,75.9,0.6899999976158142,10145.8369140625,9494250.0,97.0,93.9,3.0,0.04,0.29,0.42,0.84,0.85,0.7,0.23,0.66,0.02,0.36,0.42,45.04,30.06,1.89,71.87,46.12,50.02,0.4,0.1,0.7,19.8,6.3,23.9,3.0,1.4,4.5,Eastern Mediterranean,0.2,0.1,0.3
84,Kazakhstan,6.5,30.5,62.9,4.659999847412109,24290.41796875,17835908.0,60.1,31.5,39.9,0.1,1.16,3.91,6.56,7.74,3.82,3.15,5.39,0.05,4.76,3.66,729.81,455.19,4.16,962.39,677.75,1215.44,6.0,2.2,10.3,49.2,26.0,62.2,39.9,27.2,54.3,Europe,3.3,1.4,5.5
85,Kenya,1.8,39.8,21.4,2.7699999809265137,4075.501953125,46851496.0,76.1,63.1,23.9,0.05,0.32,0.59,1.18,1.31,0.84,0.9,0.93,0.03,1.01,0.72,78.27,179.09,2.21,114.17,108.2,218.57,4.0,0.9,7.1,46.0,21.9,56.1,23.9,14.0,33.8,Africa,1.4,0.4,2.4
86,Kiribati,0.0,100.0,0.0,0.5199999809265137,2168.999267578125,116717.0,87.9,70.5,12.1,0.04,0.29,0.55,1.02,1.16,0.75,0.39,0.88,0.02,0.59,0.58,75.2,56.83,1.97,123.41,81.53,90.42,5.2,1.8,8.9,57.9,31.7,68.1,12.1,6.5,18.1,Western Pacific,2.9,0.7,5.3
87,Kyrgyzstan,2.2,11.6,86.2,7.590000152587891,4805.14111328125,5914985.0,74.1,46.0,25.9,0.1,1.08,2.91,4.86,5.64,3.16,2.68,4.06,0.05,4.35,3.0,509.31,343.43,4.31,689.26,540.02,1029.3,5.9,2.1,9.9,44.4,20.8,54.9,25.9,15.5,36.8,Europe,3.3,1.3,5.3
88,Laos,0.0,50.1,49.8,10.050000190734863,6543.6708984375,6787420.0,60.0,35.5,40.0,0.05,0.43,0.83,1.54,1.66,1.19,0.61,1.27,0.03,0.97,0.86,120.57,101.41,2.33,177.73,130.5,198.19,,,,,,,,,,,,,
89,Latvia,11.1,42.8,40.0,12.640000343322754,26628.458984375,1991951.0,25.0,10.2,75.0,0.12,0.93,2.91,3.09,3.49,2.28,2.76,3.04,0.06,4.11,2.37,805.88,390.91,4.83,894.51,637.09,1353.22,15.5,4.6,28.8,59.0,40.2,76.5,75.0,65.5,86.5,Europe,10.4,3.0,19.4
90,Lebanon,15.4,33.9,49.2,1.649999976158142,16358.3759765625,6398941.0,93.9,90.1,6.1,0.04,0.3,0.45,0.85,0.85,0.73,0.24,0.7,0.02,0.36,0.42,53.77,35.35,1.81,82.8,50.7,53.77,8.7,1.6,15.8,20.2,6.8,24.5,6.1,3.0,9.2,Eastern Mediterranean,3.7,0.0,7.4
91,Lesotho,3.2,57.4,10.5,4.800000190734863,2701.421875,2118532.0,82.2,70.6,17.8,0.08,0.72,1.99,3.3,3.79,2.2,1.58,2.74,0.05,3.62,2.16,247.32,222.28,3.6,326.57,283.2,598.05,5.2,1.3,9.3,50.8,24.9,61.0,17.8,9.9,26.1,Africa,1.8,0.5,3.2
92,Liberia,1.8,9.4,88.2,5.699999809265137,1630.5843505859375,4612330.0,69.2,63.7,30.8,0.05,0.25,0.42,0.88,0.98,0.63,0.52,0.69,0.03,0.66,0.5,63.93,137.06,2.39,96.47,87.4,171.58,5.2,1.3,9.2,41.3,18.7,51.3,30.8,18.9,42.7,Africa,1.8,0.5,3.1
93,Lithuania,7.3,43.6,37.1,15.380000114440918,30748.197265625,2963764.0,20.9,8.1,79.1,0.1,0.82,2.75,3.04,3.62,2.06,2.48,3.03,0.06,3.67,2.29,677.36,314.22,4.44,796.15,547.86,1042.47,11.0,3.6,19.9,62.3,44.6,79.5,79.1,70.9,89.1,Europe,4.9,1.6,8.9
94,Luxembourg,44.6,35.4,20.0,13.18000030517578,113182.7265625,569415.0,8.2,3.4,91.8,0.15,1.62,2.72,4.47,4.15,4.15,1.41,3.67,0.08,2.72,2.47,401.93,238.76,6.47,487.55,332.81,567.13,6.6,2.7,10.5,52.7,34.3,69.5,91.8,87.7,95.8,Europe,2.9,1.2,4.7
95,Madagascar,8.2,53.8,38.0,1.8799999952316284,1546.7672119140625,24850912.0,79.1,67.0,20.9,0.07,0.58,1.07,2.39,2.61,1.69,1.37,1.79,0.04,1.83,1.34,124.61,220.88,3.32,202.51,166.54,282.73,2.6,0.5,4.7,43.5,19.9,53.1,20.9,12.0,30.0,Africa,0.9,0.2,1.6
96,Malawi,0.8,8.8,11.3,3.619999885559082,1457.503662109375,16938944.0,76.3,63.2,23.7,0.07,0.58,1.12,2.6,2.95,1.72,1.45,1.94,0.04,2.08,1.49,131.47,237.43,3.41,220.5,190.01,338.18,3.5,0.7,6.3,46.6,22.3,56.8,23.7,13.9,33.6,Africa,1.2,0.3,2.1
97,Malaysia,21.0,60.7,17.4,0.8500000238418579,24787.82421875,31068834.0,70.4,49.6,29.6,0.04,0.37,0.57,0.99,0.94,0.91,0.51,0.8,0.03,0.57,0.54,75.06,69.58,2.03,102.02,71.16,100.11,3.0,1.0,5.0,31.2,12.7,39.6,29.6,18.2,41.2,Western Pacific,1.1,0.4,1.8
98,Maldives,37.2,30.8,31.9,2.069999933242798,17283.97265625,435590.0,92.1,85.8,7.9,0.04,0.37,0.8,1.38,1.44,1.04,0.4,1.12,0.02,0.6,0.65,86.69,46.67,1.89,122.23,71.67,75.42,2.3,0.8,3.9,4.6,1.3,5.7,7.9,3.9,12.1,South-East Asia,0.9,0.3,1.5
99,Mali,1.2,15.8,0.0,1.25,2139.736328125,18112910.0,78.1,73.2,21.9,0.05,0.25,0.33,0.82,0.89,0.61,0.46,0.62,0.03,0.56,0.46,48.04,115.24,2.29,80.79,75.26,141.3,0.8,0.0,1.5,34.3,13.8,42.7,21.9,12.8,31.1,Africa,0.7,0.0,1.4
100,Malta,29.9,36.4,28.7,7.559999942779541,39845.140625,456585.0,37.0,17.2,63.0,0.15,1.59,1.84,3.89,3.35,3.95,0.79,2.9,0.08,1.32,1.81,195.96,87.59,6.43,302.57,181.76,168.17,3.6,1.6,5.6,34.7,16.5,46.8,63.0,50.0,76.2,Europe,1.6,0.7,2.5
101,Mauritius,15.4,53.9,30.8,3.940000057220459,19897.474609375,1293159.0,68.8,45.9,31.2,0.04,0.38,1.45,1.83,2.35,1.14,0.68,1.98,0.03,1.51,1.26,360.99,145.77,2.24,441.33,294.62,516.6,5.5,1.4,9.8,32.4,13.3,41.3,31.2,19.5,43.4,Africa,1.9,0.6,3.3
102,Mexico,2.1,77.1,20.4,4.920000076293945,19268.9140625,120149896.0,57.3,23.1,42.7,0.06,0.62,1.42,2.51,2.82,1.74,1.42,2.04,0.03,1.38,1.38,257.36,291.16,2.88,344.86,252.82,398.0,2.3,0.4,4.3,42.5,20.8,54.2,42.7,29.4,56.4,Americas,1.3,0.3,2.3
103,Micronesia (country),8.5,58.1,32.8,2.440000057220459,3448.3037109375,109477.0,84.8,64.7,15.2,0.04,0.31,0.7,1.22,1.43,0.84,0.54,1.07,0.03,0.8,0.74,141.09,115.15,2.15,212.42,152.11,204.7,,,,,,,,,,,,,
104,Moldova,56.6,16.2,25.2,11.869999885559082,10360.830078125,3277390.0,33.4,11.4,66.6,0.1,0.81,2.56,2.39,2.73,1.89,2.98,2.6,0.06,3.7,2.09,690.21,398.43,4.67,681.75,531.45,1247.22,,,,,,,,,,,,,
105,Mongolia,1.9,43.6,54.5,10.970000267028809,11009.71484375,2964756.0,66.4,37.3,33.6,0.11,1.43,4.47,7.0,8.31,4.47,2.67,6.41,0.05,5.02,4.12,1206.05,336.58,4.65,1746.39,1102.0,1725.07,7.8,2.5,13.3,48.7,24.7,60.2,33.6,21.5,46.3,Western Pacific,2.8,0.9,4.8
106,Montenegro,43.1,10.8,44.1,10.920000076293944,18263.58984375,633969.0,46.0,22.9,54.0,0.09,1.06,2.17,3.54,3.58,2.91,1.63,2.87,0.05,2.34,1.97,250.35,177.46,4.35,321.97,217.96,318.2,6.0,2.2,9.9,45.2,23.9,58.4,54.0,40.4,68.2,Europe,3.4,1.4,5.5
107,Morocco,39.8,42.9,17.0,0.699999988079071,7126.2841796875,34680456.0,97.4,94.6,2.6,0.04,0.28,0.44,0.83,0.85,0.68,0.23,0.67,0.02,0.37,0.42,53.62,36.6,1.92,80.17,51.68,60.04,0.4,0.1,0.8,17.7,5.7,21.8,2.6,1.3,3.9,Eastern Mediterranean,0.2,0.1,0.3
108,Mozambique,8.3,78.7,12.4,2.190000057220459,1262.6131591796875,26843252.0,79.0,66.8,21.0,0.07,0.56,1.15,2.89,3.4,1.74,1.61,2.11,0.04,2.27,1.63,142.94,289.0,3.22,246.91,220.14,408.93,3.2,0.7,5.9,43.7,20.3,54.0,21.0,12.3,30.5,Africa,1.1,0.3,2.0
109,Myanmar,9.8,22.4,67.7,4.409999847412109,3663.142333984375,51483956.0,72.9,50.1,27.1,0.04,0.4,0.8,1.45,1.57,1.12,0.53,1.21,0.03,0.85,0.79,106.77,74.81,2.22,154.61,105.05,145.8,1.9,0.6,3.2,33.4,13.8,42.5,27.1,16.5,38.3,South-East Asia,0.7,0.2,1.3
110,Namibia,10.4,60.2,13.9,5.230000019073486,10662.830078125,2282709.0,69.7,54.3,30.3,0.07,0.71,1.86,3.31,3.68,2.2,1.75,2.65,0.04,3.76,2.13,217.0,232.52,3.07,302.64,259.29,542.64,6.3,2.1,10.9,59.7,35.5,71.6,30.3,19.1,42.4,Africa,2.2,0.8,3.7
111,Nauru,3.7,22.0,74.3,3.7100000381469727,13551.962890625,11207.0,78.0,53.7,22.0,0.04,0.32,0.72,1.28,1.53,0.86,0.58,1.16,0.03,0.85,0.79,141.34,120.96,2.01,229.82,161.4,219.39,5.3,1.8,8.9,68.4,44.4,78.3,22.0,12.8,31.5,Western Pacific,3.0,0.7,5.3
112,Nepal,49.0,31.0,20.0,2.049999952316284,3331.871826171875,27610328.0,72.9,66.9,27.1,0.06,0.6,1.12,1.93,2.03,1.57,1.29,1.61,0.03,1.71,1.21,135.3,167.0,3.13,190.23,148.4,240.89,1.8,0.6,3.1,36.7,16.5,46.8,27.1,17.1,38.4,South-East Asia,0.7,0.2,1.2
113,Netherlands,35.8,47.8,16.4,9.550000190734863,52974.1171875,17041110.0,27.9,12.1,72.1,0.11,1.14,1.73,2.88,2.65,2.8,1.26,2.38,0.06,1.69,1.63,247.13,205.02,4.93,284.14,205.88,354.24,1.5,0.9,2.0,38.1,19.7,51.9,72.1,61.2,83.3,Europe,0.6,0.4,0.9
114,New Zealand,33.4,37.4,28.9,10.4399995803833,41086.1171875,4590591.0,25.4,10.6,74.6,0.12,1.87,3.49,6.1,5.99,5.31,1.97,5.1,0.07,3.35,3.41,359.68,227.45,5.0,539.01,339.53,375.83,4.0,2.5,5.6,42.9,24.4,58.0,74.6,64.8,85.1,Western Pacific,1.3,0.9,1.9
115,Nicaragua,0.8,39.7,59.5,5.03000020980835,5630.2958984375,6298610.0,67.5,31.6,32.5,0.09,0.97,2.7,5.15,6.11,3.1,2.4,4.11,0.04,2.69,2.77,478.85,667.1,4.01,650.58,533.6,949.85,6.6,3.7,9.7,38.7,17.4,49.3,32.5,20.8,44.9,Americas,2.8,1.8,3.9
116,Niger,13.7,45.0,41.4,0.550000011920929,1131.5191650390625,20128132.0,79.8,75.2,20.2,0.05,0.25,0.3,0.8,0.87,0.6,0.48,0.6,0.03,0.58,0.46,44.71,121.67,2.22,80.05,78.39,155.1,0.7,0.0,1.4,32.2,13.0,40.1,20.2,11.7,28.8,Africa,0.7,0.0,1.4
117,Nigeria,0.4,7.9,0.6,10.8100004196167,5514.7705078125,183995776.0,47.4,43.1,52.6,0.04,0.22,0.38,0.82,0.94,0.56,0.55,0.65,0.03,0.67,0.5,56.56,152.11,1.88,88.68,84.71,164.56,0.6,0.1,1.1,55.0,31.8,67.7,52.6,37.7,67.0,Africa,0.1,0.0,0.2
118,Niue,13.1,56.3,30.6,,,,66.8,41.3,33.2,0.04,0.32,0.81,1.29,1.54,0.86,0.53,1.24,0.03,0.83,0.8,129.55,96.08,2.06,190.93,123.65,160.07,5.3,1.8,8.9,72.7,51.4,82.7,33.2,21.1,45.5,Western Pacific,2.9,0.7,5.2
119,North Korea,0.0,2.7,97.3,,,,59.7,58.0,40.3,0.05,0.4,0.89,1.37,1.5,1.06,0.4,1.25,0.03,0.84,0.79,145.17,63.07,2.4,197.17,125.11,174.44,,,,,,,,,,,,,
120,North Macedonia,46.6,35.3,17.4,5.929999828338623,15139.251953125,2107965.0,46.3,23.1,53.7,0.09,1.06,2.05,3.38,3.32,2.88,1.52,2.7,0.05,2.01,1.8,236.12,169.58,4.15,301.59,198.43,274.8,,,,,,,,,,,,,
121,Norway,36.7,43.9,16.7,7.519999980926514,62987.515625,5190357.0,21.0,9.3,79.0,0.09,0.99,1.81,2.8,2.68,2.61,1.07,2.41,0.05,2.08,1.67,299.43,236.56,3.92,318.66,247.19,515.26,7.2,3.8,10.6,40.5,21.9,55.2,79.0,69.8,88.0,Europe,4.0,1.8,6.1
122,Oman,2.8,39.8,57.0,0.7699999809265137,34564.921875,4191784.0,91.7,85.3,8.3,0.04,0.28,0.61,0.93,0.95,0.74,0.29,0.81,0.02,0.41,0.46,66.76,60.75,1.6,88.31,53.14,60.93,0.4,0.1,0.6,28.6,8.9,31.3,8.3,3.3,10.4,Eastern Mediterranean,0.3,0.1,0.3
123,Panama,3.5,76.9,19.4,7.710000038146973,28430.984375,3957102.0,52.3,19.5,47.7,0.09,1.0,1.6,3.34,3.29,2.75,1.38,2.42,0.04,1.42,1.59,176.12,170.53,3.92,262.7,175.39,206.82,6.8,3.7,9.9,44.5,22.7,56.6,47.7,34.0,61.5,Americas,2.8,1.8,3.9
124,Papua New Guinea,2.7,95.2,2.1,1.3899999856948853,4083.75244140625,8682172.0,86.3,67.6,13.7,0.04,0.31,0.7,1.24,1.49,0.83,0.6,1.13,0.02,0.9,0.78,110.92,118.45,2.02,176.39,128.16,185.11,5.3,1.8,8.8,60.7,34.0,70.2,13.7,7.3,19.9,Western Pacific,2.9,0.7,5.1
125,Paraguay,17.4,54.2,27.3,7.260000228881836,11828.1396484375,6177954.0,64.0,24.7,36.0,0.1,1.26,2.61,4.41,4.57,3.57,2.38,3.68,0.05,3.48,2.64,408.67,514.86,4.77,491.59,437.34,952.48,7.0,3.7,10.2,48.2,24.6,59.2,36.0,23.2,48.4,Americas,2.9,1.8,3.9
126,Peru,8.1,60.1,31.8,6.630000114440918,12110.2666015625,30711864.0,46.8,8.8,53.2,0.06,0.58,0.87,1.64,1.57,1.45,0.68,1.27,0.03,0.92,0.84,114.59,107.58,2.89,158.71,113.03,171.48,8.9,3.8,14.0,49.5,27.4,62.8,53.2,39.6,67.1,Americas,4.9,1.9,7.9
127,Philippines,0.4,27.3,72.0,6.699999809265137,7300.13623046875,103031360.0,66.9,43.1,33.1,0.04,0.36,0.77,1.43,1.6,1.03,0.59,1.18,0.03,0.85,0.8,113.9,90.95,1.98,170.47,121.41,174.95,5.3,1.8,8.8,38.0,16.6,47.9,33.1,21.0,45.3,Western Pacific,2.9,0.7,5.2
128,Poland,7.8,56.1,36.1,11.630000114440918,27797.05859375,38553148.0,32.0,13.5,68.0,0.08,0.92,3.92,4.7,5.67,2.96,1.99,4.89,0.04,4.73,3.29,796.94,266.11,3.1,918.05,626.34,1239.04,12.8,3.7,22.7,51.6,31.1,67.3,68.0,56.4,80.7,Europe,2.2,0.4,4.1
129,Portugal,61.5,26.1,7.7,11.880000114440918,31118.791015625,10365436.0,30.8,12.6,69.2,0.16,2.05,3.44,5.68,5.3,5.56,1.92,5.1,0.09,2.87,3.25,379.72,208.6,7.32,557.1,336.18,369.25,6.8,3.2,11.0,38.4,20.3,53.1,69.2,58.3,81.6,Europe,3.0,1.4,4.9
130,Qatar,10.2,25.9,63.4,1.6200000047683716,95965.25,2414580.0,54.4,44.9,45.6,0.04,0.31,0.74,1.01,1.02,0.86,0.31,0.89,0.02,0.49,0.51,81.54,43.7,1.54,98.44,56.32,64.53,0.3,0.1,0.4,50.7,20.9,55.3,45.6,25.2,52.1,Eastern Mediterranean,0.1,0.0,0.2
131,Romania,28.1,55.6,16.4,11.640000343322754,23878.171875,19906078.0,32.8,13.5,67.2,0.09,1.08,2.47,3.62,3.69,2.98,1.85,3.12,0.05,2.84,2.16,323.98,208.84,4.21,399.47,268.63,441.23,2.8,1.4,4.5,51.7,31.2,67.2,67.2,55.5,80.1,Europe,1.3,0.6,2.0
132,Russia,12.8,39.0,38.6,12.470000267028809,25488.095703125,144668384.0,41.9,27.2,58.1,0.1,0.84,3.63,4.3,5.23,2.54,2.62,4.23,0.05,4.87,3.01,1066.9,373.14,3.85,1294.33,848.73,1609.74,,,,,,,,,,,,,
133,Rwanda,0.2,14.8,2.7,9.260000228881836,1889.1580810546875,11642963.0,65.0,48.8,35.0,0.11,1.29,2.75,6.06,6.53,4.23,3.01,4.5,0.06,4.27,3.23,295.54,434.92,5.16,479.02,363.25,556.01,7.0,2.5,12.2,54.6,31.1,67.7,35.0,23.4,48.4,Africa,2.5,1.0,4.2
134,Saint Kitts and Nevis,6.5,47.8,43.4,8.880000114440918,23966.498046875,47814.0,45.2,22.8,54.8,0.07,0.75,1.77,2.5,2.66,2.01,1.49,2.26,0.04,2.12,1.58,715.56,655.15,3.42,694.33,599.19,1509.96,6.6,3.6,9.7,51.1,29.3,64.5,54.8,41.3,68.6,Americas,2.8,1.8,3.8
135,Saint Lucia,13.2,35.4,50.0,9.960000038146973,14057.607421875,175638.0,50.3,26.0,49.7,0.07,0.81,2.05,2.96,3.22,2.29,1.64,2.68,0.04,2.29,1.83,370.98,280.91,3.71,446.59,320.3,569.09,6.5,3.6,9.5,49.7,27.8,62.9,49.7,36.3,63.9,Americas,2.8,1.8,3.8
136,Saint Vincent and the Grenadines,3.6,36.6,57.2,8.460000038146973,11973.353515625,106493.0,53.4,29.0,46.6,0.08,0.94,2.33,3.55,3.85,2.73,1.89,3.15,0.04,2.83,2.19,465.49,356.27,3.79,552.02,419.92,835.76,6.9,3.7,10.0,48.4,25.7,60.5,46.6,32.8,60.3,Americas,2.8,1.8,3.9
137,Samoa,5.9,94.1,0.0,2.5899999141693115,5996.84228515625,203586.0,84.0,63.1,16.0,0.04,0.31,0.58,1.09,1.21,0.81,0.56,0.92,0.03,0.71,0.65,98.34,100.99,2.06,155.54,112.58,151.8,5.4,1.8,8.8,62.2,35.6,71.5,16.0,8.5,22.9,Western Pacific,3.0,0.7,5.2
138,Sao Tome and Principe,80.2,19.8,0.0,7.190000057220459,3794.358642578125,201142.0,66.0,60.0,34.0,0.05,0.27,0.48,1.02,1.15,0.7,0.41,0.79,0.03,0.64,0.55,80.71,106.13,1.99,118.08,103.0,208.79,6.4,1.9,10.9,43.6,20.6,54.5,34.0,21.5,46.8,Africa,2.2,0.8,3.7
139,Senegal,34.1,56.4,8.5,0.7300000190734863,2966.455322265625,14356191.0,78.9,74.3,21.1,0.04,0.25,0.38,0.81,0.89,0.61,0.49,0.63,0.03,0.61,0.47,57.07,120.28,1.87,84.81,78.31,154.13,0.7,0.0,1.4,32.9,13.3,41.6,21.1,12.5,30.4,Africa,0.7,0.0,1.4
140,Serbia,42.5,32.0,25.4,8.699999809265137,15578.208984375,7519501.0,40.0,17.9,60.0,0.09,1.05,2.43,3.38,3.41,2.86,2.55,2.9,0.05,2.87,2.11,354.68,358.66,4.28,365.18,285.11,569.49,5.9,2.1,9.9,48.4,27.4,62.7,60.0,47.0,73.8,Europe,3.4,1.3,5.5
141,Seychelles,22.4,68.9,6.3,18.350000381469727,25583.552734375,99260.0,45.1,23.2,54.9,0.04,0.39,0.86,1.43,1.53,1.09,0.45,1.21,0.03,0.79,0.77,107.17,55.69,2.0,148.48,93.38,123.89,7.3,2.3,12.2,46.8,24.6,59.9,54.9,40.9,68.7,Africa,2.5,0.9,4.1
142,Sierra Leone,1.1,4.0,0.0,5.630000114440918,1543.7120361328125,7314779.0,69.1,63.5,30.9,0.05,0.25,0.41,0.87,0.96,0.63,0.53,0.68,0.03,0.64,0.5,59.77,129.84,2.41,90.81,83.85,161.84,3.5,0.7,6.3,41.4,19.1,51.6,30.9,19.2,43.1,Africa,0.7,0.0,1.4
143,Singapore,14.6,70.0,13.4,2.069999933242798,89519.734375,5650020.0,30.0,6.7,70.0,0.06,0.45,0.82,1.23,1.22,1.05,0.45,1.03,0.03,0.76,0.68,85.27,49.24,2.28,108.14,67.55,86.81,1.1,0.5,1.7,42.9,23.5,57.4,70.0,58.8,81.7,Western Pacific,0.5,0.2,0.7
144,Slovakia,20.9,33.7,41.9,11.529999732971191,28719.86328125,5424449.0,,11.6,,0.09,1.12,2.83,3.93,4.13,3.16,1.66,3.62,0.05,3.12,2.41,428.36,185.94,4.02,530.12,345.74,575.8,12.2,2.5,22.8,52.3,31.7,68.1,71.3,60.0,82.9,Europe,5.5,1.1,10.2
145,Slovenia,50.6,41.4,8.0,12.739999771118164,33799.7265625,2080865.0,,67.7,,0.09,1.09,3.13,3.67,3.8,3.01,3.37,3.43,0.05,3.88,2.56,588.33,603.0,3.9,511.15,426.35,1025.42,13.9,4.5,23.5,52.6,32.0,67.9,13.5,7.3,19.7,Europe,6.2,2.0,10.5
146,Solomon Islands,2.9,93.3,3.3,1.5499999523162842,2518.6474609375,612670.0,,97.1,,0.04,0.3,0.6,1.1,1.27,0.79,0.56,1.01,0.02,0.8,0.69,146.59,131.74,2.01,246.85,177.15,251.03,5.3,1.7,8.7,60.3,34.4,69.9,0.7,0.3,1.1,Western Pacific,2.9,0.7,5.1
147,South Africa,18.5,56.0,17.8,9.609999656677246,14010.1044921875,55876504.0,69.0,,,0.06,0.65,2.0,3.29,3.7,2.12,1.36,2.72,0.04,2.89,1.92,229.35,173.96,2.71,300.7,224.23,417.42,7.0,1.8,12.4,59.0,33.7,70.8,,,,Africa,2.4,0.7,4.2
148,South Korea,1.9,22.2,7.1,10.039999961853027,38828.7421875,50994396.0,36.1,7.1,63.9,0.12,1.42,3.98,5.17,5.27,4.22,2.71,4.72,0.07,4.64,3.28,439.38,290.54,5.19,509.26,344.43,574.59,,,,,,,,,,,,,
149,Spain,18.0,54.2,27.8,11.31999969482422,37377.06640625,46431344.0,31.4,13.6,68.6,0.15,1.67,1.8,3.73,3.05,4.06,0.89,2.71,0.08,1.46,1.8,196.33,106.33,6.54,285.36,182.27,193.86,1.5,0.5,2.7,37.3,18.8,51.1,68.6,57.0,80.9,Europe,0.7,0.2,1.2
150,Sri Lanka,0.3,13.2,84.9,4.099999904632568,11890.5166015625,21336692.0,71.3,48.3,28.7,0.04,0.38,0.92,1.37,1.56,1.04,0.71,1.32,0.03,0.98,0.87,145.91,138.98,2.1,189.04,133.63,216.37,3.1,0.7,5.9,31.7,13.2,40.8,28.7,17.9,40.6,South-East Asia,2.6,0.6,4.9
151,Suriname,3.5,44.9,48.8,5.809999942779541,19317.0546875,575478.0,57.8,34.1,42.2,0.07,0.79,1.72,2.68,2.86,2.15,1.43,2.37,0.04,2.18,1.65,264.47,208.82,3.4,337.78,249.95,457.55,6.9,3.7,10.0,44.4,21.9,56.1,42.2,28.7,55.8,Americas,2.8,1.8,3.9
152,Sweden,47.8,36.4,14.1,9.130000114440918,50928.96484375,9849344.0,27.0,11.6,73.0,0.12,1.57,2.86,5.16,4.97,4.5,1.53,4.14,0.07,2.94,2.74,364.62,249.94,5.24,463.39,319.19,514.33,11.0,7.3,14.7,38.3,20.0,52.1,73.0,62.2,83.9,Europe,5.1,3.8,6.4
153,Switzerland,48.1,32.1,18.5,11.579999923706056,68025.921875,8281735.0,18.8,7.5,81.2,0.17,2.06,2.82,4.97,4.11,5.27,1.79,3.82,0.09,2.72,2.64,345.24,276.94,7.46,418.41,291.98,443.77,9.5,3.2,16.1,43.9,25.2,59.6,81.2,73.0,89.6,Europe,4.3,1.4,7.2
154,Syria,1.1,11.6,87.2,,,,98.0,97.7,2.0,0.04,0.28,0.39,0.77,0.79,0.65,0.29,0.6,0.03,0.42,0.42,51.12,58.67,2.07,74.34,54.84,77.43,,,,,,,,,,,,,
155,Tajikistan,0.7,37.9,60.9,3.109999895095825,2984.494873046875,8524066.0,79.3,53.8,20.7,0.1,1.34,2.27,4.52,4.53,3.78,2.21,3.53,0.05,2.41,2.34,281.09,265.85,4.6,447.66,296.46,349.21,0.9,0.3,1.6,40.6,17.9,49.7,20.7,11.8,29.6,Europe,0.4,0.1,0.7
156,Tanzania,0.4,12.2,1.6,11.050000190734863,2354.138916015625,52542824.0,63.6,47.1,36.4,0.07,0.58,1.07,2.46,2.77,1.69,1.48,1.85,0.04,2.0,1.41,123.69,240.29,3.09,206.51,172.83,297.66,,,,,,,,,,,,,
157,Thailand,2.7,28.3,68.9,8.359999656677246,16285.38671875,70294408.0,59.1,34.5,40.9,0.06,0.67,1.37,2.4,2.52,1.85,0.66,1.93,0.04,1.17,1.21,168.1,79.56,3.18,235.12,143.01,159.9,5.4,0.9,10.0,38.4,17.8,49.4,40.9,27.7,54.6,South-East Asia,1.8,0.2,3.5
158,Timor,32.4,67.6,0.0,2.009999990463257,3295.3037109375,1205822.0,78.4,58.0,21.6,0.04,0.38,0.6,1.26,1.33,1.01,0.58,1.01,0.03,0.84,0.73,77.49,88.13,2.15,125.28,97.6,144.25,,,,,,,,,,,,,
159,Togo,16.0,37.0,18.2,2.369999885559082,1920.4693603515625,7473232.0,74.3,69.9,25.7,0.04,0.25,0.43,0.89,0.99,0.63,0.55,0.71,0.03,0.66,0.51,65.31,124.3,2.19,98.51,87.53,172.21,9.5,4.0,15.1,36.9,15.7,46.2,25.7,15.2,36.5,Africa,3.3,1.6,5.1
160,Tonga,11.5,60.7,27.9,0.6800000071525574,5944.45263671875,106140.0,85.8,66.4,14.2,0.04,0.32,0.59,1.1,1.23,0.82,0.54,0.95,0.03,0.73,0.67,90.45,93.71,2.0,143.76,104.19,145.7,5.2,1.8,8.8,59.8,33.6,69.8,14.2,7.7,20.9,Western Pacific,2.8,0.7,5.1
161,Trinidad and Tobago,3.3,57.9,37.1,6.880000114440918,29053.333984375,1460180.0,41.3,20.5,58.7,0.07,0.79,1.76,2.58,2.7,2.13,1.38,2.37,0.04,1.87,1.57,246.63,200.65,3.27,314.78,213.1,326.0,6.7,3.7,9.9,50.7,29.2,64.8,58.7,45.6,72.5,Americas,2.8,1.8,3.8
162,Tunisia,23.9,72.2,3.8,1.9900000095367432,11112.853515625,11557779.0,94.8,91.3,5.2,0.04,0.29,0.44,0.81,0.82,0.69,0.23,0.66,0.02,0.35,0.41,53.43,33.65,1.87,79.08,48.62,51.3,0.6,0.2,1.1,21.1,6.3,23.9,5.2,1.6,8.9,Eastern Mediterranean,0.2,0.1,0.3
163,Turkey,8.6,57.6,33.8,2.119999885559082,25958.640625,79646176.0,93.1,89.1,6.9,0.04,0.33,0.56,0.97,0.98,0.81,0.27,0.8,0.03,0.47,0.5,64.78,34.71,2.22,89.88,57.29,69.36,,,,,,,,,,,,,
164,Turkmenistan,35.1,26.8,38.0,5.300000190734863,12993.5322265625,5766427.0,69.6,41.6,30.4,0.1,1.23,2.74,5.35,5.79,3.75,2.2,4.12,0.05,2.6,2.67,412.62,259.11,4.32,639.01,401.59,455.2,5.9,2.1,9.9,45.8,22.3,57.0,30.4,19.0,42.5,Europe,3.3,1.3,5.3
165,Tuvalu,84.7,0.6,14.1,1.9800000190734863,3720.305419921875,10896.0,85.6,66.4,14.4,0.04,0.31,0.74,1.26,1.51,0.84,0.53,1.14,0.03,0.76,0.77,133.67,103.79,2.14,206.23,140.37,164.51,5.3,1.8,8.9,61.1,35.0,71.0,14.4,7.8,21.1,Western Pacific,2.9,0.7,5.2
166,Uganda,0.1,11.0,3.1,15.140000343322754,2067.5888671875,37477356.0,63.7,47.4,36.3,0.06,0.4,0.6,1.48,1.64,1.06,0.87,1.09,0.04,1.14,0.84,78.82,218.49,2.7,134.05,127.97,244.51,7.1,1.9,12.4,56.9,32.6,68.8,36.3,23.8,49.1,Africa,2.5,0.7,4.2
167,Ukraine,5.4,42.3,51.5,10.15999984741211,11216.1181640625,44982568.0,38.2,12.7,61.8,0.08,0.73,3.18,3.56,4.35,2.18,2.09,3.7,0.05,4.17,2.6,967.44,264.86,3.47,1265.76,773.86,1271.76,6.0,1.4,11.5,28.3,13.3,43.1,61.8,56.1,68.7,Europe,2.2,0.5,4.2
168,United Arab Emirates,7.7,10.1,81.9,3.7899999618530273,65267.4140625,8916909.0,81.5,70.6,18.5,0.04,0.3,0.86,1.07,1.08,0.76,0.31,1.0,0.02,0.66,0.57,120.58,47.38,1.6,142.29,78.18,105.28,0.7,0.2,0.8,39.0,13.9,41.7,18.5,7.9,21.7,Eastern Mediterranean,0.3,0.1,0.3
169,United Kingdom,35.7,35.0,22.5,11.210000038146973,45041.05859375,65224368.0,26.6,11.0,73.4,0.13,1.72,3.55,6.32,6.74,5.09,1.21,5.68,0.07,2.63,3.46,431.69,141.52,5.54,689.56,398.18,393.23,,,,,,,,,,,,,
170,United States,18.1,47.0,34.9,9.81999969482422,58540.296875,324607776.0,28.3,9.2,71.7,0.22,1.94,2.59,4.86,4.37,4.7,1.45,3.77,0.14,2.41,2.5,397.15,197.59,9.37,527.95,355.26,530.02,,,,,,,,,,,,,
171,Uruguay,43.7,35.2,21.1,6.989999771118164,22425.830078125,3402820.0,31.1,6.0,68.9,0.11,1.02,1.89,3.12,3.14,2.72,1.47,2.65,0.07,1.91,1.8,264.93,298.21,4.61,307.57,235.56,414.76,6.4,3.4,9.6,32.9,15.6,46.4,68.9,57.6,81.3,Americas,2.7,1.7,3.8
172,Uzbekistan,8.6,34.4,56.9,2.5899999141693115,6401.115234375,30949416.0,79.2,53.9,20.8,0.1,1.08,1.85,3.55,3.57,2.91,1.72,2.75,0.05,1.92,1.82,193.68,174.65,4.32,297.12,191.1,215.76,5.9,2.1,9.9,39.1,16.9,48.6,20.8,12.0,30.1,Europe,3.3,1.3,5.3
173,Vanuatu,25.4,38.5,36.1,2.140000104904175,2915.700439453125,276450.0,86.4,67.6,13.6,0.04,0.31,0.68,1.21,1.47,0.82,0.65,1.12,0.02,0.9,0.79,119.58,125.99,2.0,196.09,142.59,190.33,5.2,1.8,8.8,59.5,33.7,69.1,13.6,7.4,19.9,Western Pacific,2.9,0.7,5.1
174,Venezuela,0.3,69.2,29.2,,,,62.0,27.2,38.0,0.08,0.98,1.66,3.22,3.26,2.68,1.19,2.51,0.04,1.34,1.57,180.84,129.66,3.98,274.97,171.3,173.57,,,,,,,,,,,,,
175,Vietnam,0.8,91.5,7.7,7.860000133514404,6438.259765625,92191400.0,,38.6,,0.06,0.6,1.4,2.31,2.42,1.79,0.56,1.98,0.03,1.42,1.24,176.95,65.57,2.59,243.63,155.55,220.98,,,,,,,,,,,,,
176,Yemen,0.0,89.5,10.5,,,,99.3,99.0,0.7,0.04,0.27,0.35,0.77,0.8,0.64,0.22,0.62,0.02,0.37,0.4,43.64,37.28,1.79,78.55,53.55,64.82,0.4,0.1,0.6,1.9,0.5,2.3,0.7,0.3,1.1,Eastern Mediterranean,0.2,0.1,0.3
177,Zambia,2.7,36.4,0.4,6.889999866485596,3443.55322265625,16248231.0,72.7,58.7,27.3,0.07,0.58,1.16,2.62,2.99,1.74,1.62,1.99,0.04,2.18,1.53,138.2,259.22,2.95,228.41,198.77,362.75,5.5,1.2,9.8,49.3,24.8,60.1,27.3,16.5,38.3,Africa,1.9,0.5,3.3
178,Zimbabwe,1.3,62.8,12.0,4.920000076293945,3707.62255859375,14154937.0,82.4,71.0,17.6,0.08,0.7,1.4,2.94,3.22,2.08,1.3,2.26,0.05,2.36,1.69,145.77,133.17,3.45,241.99,181.07,283.39,6.4,2.0,11.1,50.6,25.5,60.9,17.6,10.0,25.7,Africa,2.2,0.8,3.8
179,Afghanistan,,,,0.209999993443489,2068.265869140625,33753500.0,99.3,99.1,0.7,0.04,0.26,0.35,0.8,0.86,0.64,0.22,0.64,0.02,0.43,0.43,50.72,43.3,1.77,94.73,68.23,86.93,0.4,0.1,0.6,2.0,0.5,2.3,0.7,0.3,1.0,Eastern Mediterranean,0.2,0.1,0.3
180,Bangladesh,,,,0.0209999997168779,3700.11083984375,157830000.0,97.8,92.5,2.2,0.06,0.58,1.09,1.97,2.12,1.52,0.96,1.6,0.03,1.32,1.09,113.58,96.39,3.13,168.6,114.13,145.84,0.8,0.3,1.4,36.8,14.4,43.1,2.2,1.0,3.5,South-East Asia,0.7,0.2,1.2
181,Iran,,,,1.0099999904632568,12698.109375,81790848.0,96.5,96.0,3.5,0.03,0.21,0.37,0.64,0.67,0.51,0.17,0.54,0.02,0.28,0.32,47.47,28.44,1.45,68.83,41.58,45.01,,,,,,,,,,,,,
182,Kuwait,,,,0.003000000026077,54834.390625,3908745.0,99.4,97.9,0.6,0.04,0.28,0.52,0.78,0.82,0.66,0.2,0.69,0.02,0.37,0.41,59.03,28.9,1.61,78.46,46.22,54.29,0.4,0.1,0.6,4.1,1.1,4.8,0.6,0.2,0.8,Eastern Mediterranean,0.2,0.1,0.3
183,Libya,,,,0.0289999991655349,11022.4296875,6192241.0,99.9,99.5,0.1,0.04,0.27,0.51,0.85,0.91,0.67,0.25,0.72,0.02,0.41,0.44,63.27,36.55,1.91,89.1,55.25,62.4,0.3,0.1,0.5,2.1,0.6,2.5,0.1,0.1,0.2,Eastern Mediterranean,0.2,0.1,0.3
184,Mauritania,,,,0.032999999821186,5024.46728515625,3946225.0,99.1,98.0,0.9,0.04,0.24,0.36,0.77,0.84,0.57,0.47,0.6,0.03,0.57,0.45,48.56,105.55,1.81,74.35,65.86,119.84,0.4,0.1,0.7,4.3,1.2,5.3,0.9,0.5,1.4,Africa,0.2,0.0,0.3
185,Pakistan,,,,0.2899999916553497,4278.3466796875,210969296.0,98.8,96.5,1.2,0.05,0.52,1.13,2.2,2.55,1.51,1.39,1.83,0.03,1.95,1.4,148.88,180.45,2.49,243.59,188.59,293.96,0.4,0.1,0.6,5.3,1.5,6.5,1.2,0.6,1.8,Eastern Mediterranean,0.2,0.1,0.3
186,Saudi Arabia,,,,0.2000000029802322,48921.21484375,32749838.0,94.2,93.4,5.8,0.04,0.28,0.56,0.84,0.89,0.69,0.25,0.74,0.02,0.43,0.45,65.98,33.68,1.77,87.55,53.35,63.26,0.3,0.1,0.5,2.9,0.8,3.6,5.8,3.5,7.3,Eastern Mediterranean,0.2,0.1,0.4
187,Somalia,,,,0.0130000002682209,1026.0382080078125,13763909.0,,53.5,,0.06,0.52,0.86,2.15,2.37,1.5,1.23,1.59,0.04,1.55,1.19,109.56,236.18,2.99,190.91,170.64,314.83,0.4,0.1,0.6,6.2,1.7,7.6,31.0,19.4,43.2,Eastern Mediterranean,0.2,0.1,0.3
188,Sudan,,,,0.5199999809265137,4630.1552734375,38171172.0,97.7,95.2,2.3,0.04,0.27,0.36,0.77,0.79,0.64,0.23,0.62,0.02,0.39,0.41,45.16,37.21,1.81,77.83,53.48,65.18,1.3,0.3,2.3,18.1,5.7,22.1,2.3,1.1,3.4,Eastern Mediterranean,0.2,0.1,0.3
189,World,,,,,,,,,,0.06,0.61,1.46,2.3,2.53,1.72,1.25,2.01,0.04,1.86,1.4,220.63,175.11,3.01,289.01,210.09,360.72,,,,,,,,,,,,,
190,Cabo Verde,,,,,,,,,,,,,,,,,,,,,,,,,,,6.3,2.0,10.7,41.9,19.2,52.7,39.4,25.0,53.8,Africa,2.2,0.8,3.7
191,Côte d’Ivoire,,,,,,,,,,,,,,,,,,,,,,,,,,,10.0,4.1,15.6,46.6,23.1,56.9,38.5,24.1,52.3,Africa,3.5,1.6,5.3
192,Democratic Republic of the Congo,,,,,,,,,,,,,,,,,,,,,,,,,,,5.0,1.0,9.1,77.1,58.6,86.3,36.4,23.8,49.2,Africa,1.7,0.4,3.1
193,United Republic of Tanzania,,,,,,,,,,,,,,,,,,,,,,,,,,,6.8,2.2,11.5,55.8,32.1,67.8,36.4,24.0,49.3,Africa,2.4,0.9,3.9
194,Bolivia (Plurinational State of),,,,,,,,,,,,,,,,,,,,,,,,,,,6.7,3.7,9.8,46.5,24.2,58.6,45.4,31.9,59.1,Americas,2.9,1.8,3.9
195,United States of America,,,,,,,,,,,,,,,,,,,,,,,,,,,13.9,10.4,17.6,36.4,18.3,50.0,71.7,60.7,83.0,Americas,7.7,5.5,9.9
196,Venezuela (Bolivarian Republic of),,,,,,,,,,,,,,,,,,,,,,,,,,,6.9,3.8,10.0,39.5,18.2,50.2,38.0,25.2,51.2,Americas,2.8,1.8,3.9
197,Iran (Islamic Republic of),,,,,,,,,,,,,,,,,,,,,,,,,,,1.0,0.1,1.8,4.1,0.6,4.7,3.5,1.1,6.0,Eastern Mediterranean,0.6,0.1,1.2
198,Syrian Arab Republic,,,,,,,,,,,,,,,,,,,,,,,,,,,0.6,0.1,1.0,2.0,0.5,2.3,2.0,0.7,3.4,Eastern Mediterranean,0.2,0.0,0.3
199,Republic of Moldova,,,,,,,,,,,,,,,,,,,,,,,,,,,6.0,2.2,10.3,40.9,21.3,56.0,66.6,54.8,79.6,Europe,3.3,1.4,5.5
200,Russian Federation,,,,,,,,,,,,,,,,,,,,,,,,,,,20.9,7.4,36.9,60.6,43.7,78.8,58.1,55.4,61.4,Europe,9.3,3.3,16.5
201,The former Yugoslav Republic of Macedonia,,,,,,,,,,,,,,,,,,,,,,,,,,,6.0,2.1,9.9,45.8,24.2,58.8,53.7,39.9,67.7,Europe,3.4,1.4,5.5
202,Türkiye,,,,,,,,,,,,,,,,,,,,,,,,,,,4.8,1.7,8.1,21.7,6.9,25.9,6.9,3.0,11.0,Europe,1.6,0.7,2.5
203,United Kingdom of Great Britain and Northern Ireland,,,,,,,,,,,,,,,,,,,,,,,,,,,8.7,4.7,13.0,40.6,22.0,55.1,73.4,63.0,84.3,Europe,1.4,0.7,2.2
204,Democratic People's Republic of Korea,,,,,,,,,,,,,,,,,,,,,,,,,,,3.5,1.0,6.2,33.5,14.2,44.1,40.3,27.7,53.7,South-East Asia,1.4,0.4,2.4
205,Timor-Leste,,,,,,,,,,,,,,,,,,,,,,,,,,,1.8,0.6,3.0,30.3,11.7,37.7,21.6,12.4,30.6,South-East Asia,0.7,0.2,1.2
206,Brunei Darussalam,,,,,,,,,,,,,,,,,,,,,,,,,,,2.3,0.7,3.8,30.6,19.4,38.8,33.3,29.1,37.3,Western Pacific,0.8,0.3,1.4
207,Lao People's Democratic Republic,,,,,,,,,,,,,,,,,,,,,,,,,,,5.2,1.8,8.7,43.8,21.5,55.6,40.0,27.0,53.4,Western Pacific,2.8,0.7,5.0
208,Micronesia (Federated States of),,,,,,,,,,,,,,,,,,,,,,,,,,,5.3,1.8,8.6,62.4,36.2,71.8,15.2,8.1,22.0,Western Pacific,2.8,0.7,5.0
209,Palau,,,,,,,,,,,,,,,,,,,,,,,,,,,5.3,1.8,8.9,,,,,,,Western Pacific,3.0,0.7,5.3
210,Republic of Korea,,,,,,,,,,,,,,,,,,,,,,,,,,,13.9,6.8,21.2,47.7,26.6,62.2,63.9,51.2,77.0,Western Pacific,5.5,3.4,7.7
211,Viet Nam,,,,,,,,,,,,,,,,,,,,,,,,,,,5.4,1.2,9.8,39.3,17.7,50.2,99.4,23.9,50.0,Western Pacific,2.9,0.1,5.9
212,South Sudan,,,,,,,,,,,,,,,,,,,,,,,,,,,,,,,,,,,,Africa,,,
213,Monaco,,,,,,,,,,,,,,,,,,,,,,,,,,,,,,,,,,,,Europe,,,
214,San Marino,,,,,,,,,,,,,,,,,,,,,,,,,,,,,,,,,,,,Europe,,,
215,Marshall Islands,,,,,,,,,,,,,,,,,,,,,,,,,,,,,,,,,,,,Western Pacific,,,
